species,year,decimalLongitude,decimalLatitude
Cebus capucinus,2013,-84.28376,9.916182
Bradypus variegatus,2013,-84.050476,9.937148
Didelphis marsupialis,2014,-84.441026,9.97355
Sciurus variegatoides,2012,-84.22126,10.01644
Cuniculus paca,2009,-84.22126,10.01644
Cebus imitator,2009,-84.380371,9.98159
Sciurus vulgaris,2014,-83.990128,9.906869
Sciurus vulgaris,2014,-83.990128,9.906869
Sciurus vulgaris,2014,-83.990128,9.906869
Canis latrans,2023,-84.077477,10.06801
Sciurus variegatoides,2023,-84.069892,9.934881
Sciurus variegatoides,2023,-84.208425,10.059562
Didelphis marsupialis,2023,-84.124008,9.935227
Cebus imitator,2023,-84.101678,10.09245
Choloepus hoffmanni,2012,-83.983378,9.970475
Bradypus variegatus,2023,-84.047797,9.937395
Bradypus variegatus,2023,-84.049553,9.936563
Sciurus variegatoides,2023,-84.213965,10.016245
Sphiggurus mexicanus,2015,-83.969351,9.963756
Didelphis marsupialis,2022,-84.118444,10.021732
Dasypus novemcinctus,2012,-83.968116,9.96791
Sciurus variegatoides,2023,-84.450251,9.987262
Cuniculus paca,2023,-84.144211,9.930858
Bradypus variegatus,2023,-84.09321,9.972987
Choloepus hoffmanni,2023,-84.274918,10.013159
Sciurus variegatoides,2023,-84.078653,9.979863
Sciurus variegatoides,2023,-84.078604,9.981358
Canis latrans,2022,-83.97851,9.929559
Sciurus variegatoides,2023,-84.078842,9.981668
Sciurus variegatoides,2023,-84.250242,9.984449
Dasyprocta punctata,2022,-84.379981,9.939803
Sciurus variegatoides,2022,-84.078934,9.980264
Sciurus variegatoides,2022,-84.078934,9.980264
Sciurus variegatoides,2017,-83.833975,9.827055
Sciurus variegatoides,2022,-84.072152,9.938505
Sciurus variegatoides,2023,-84.078847,9.98046
Dasypus novemcinctus,2023,-84.136296,9.880216
Sphiggurus mexicanus,2023,-84.002649,9.995748
Sciurus variegatoides,2023,-84.076829,9.912973
Sciurus variegatoides,2023,-84.051217,9.935678
Microsciurus alfari,2011,-83.783692,9.759041
Sciurus variegatoides,2023,-84.078847,9.98046
Sciurus variegatoides,2010,-84.212539,9.999972
Choloepus hoffmanni,2019,-84.077058,9.83352
Sciurus variegatoides,2023,-84.078778,9.981493
Sciurus variegatoides,2023,-84.079125,9.980495
Sciurus variegatoides,2012,-83.848083,9.842047
Sciurus variegatoides,2023,-84.078847,9.98046
Sciurus variegatoides,2019,-84.05031,9.937432
Nasua narica,2023,-84.086642,10.056872
Sciurus granatensis,2023,-84.21417,10.015939
Sciurus variegatoides,2023,-84.21395,10.016125
Choloepus hoffmanni,2023,-83.994063,10.010158
Sphiggurus mexicanus,2021,-84.147591,9.935585
Bradypus variegatus,2023,-84.050148,9.937766
Sciurus variegatoides,2023,-84.072469,9.938809
Sciurus variegatoides,2023,-84.078847,9.98046
Bradypus variegatus,2022,-84.048446,9.936995
Proechimys semispinosus,2006,-84.18,10.07
Melanomys caliginosus,2006,-84.18,10.07
Oligoryzomys fulvescens,2006,-84.18,10.07
Oryzomys couesi,2006,-84.18,10.07
Oryzomys couesi,2006,-84.18,10.07
Oryzomys couesi,2006,-84.18,10.07
Oryzomys couesi,2006,-84.18,10.07
Heteromys desmarestianus,2006,-84.18,10.07
Marmosa zeledoni,2006,-84.18,10.07
Choloepus hoffmanni,2022,-84.082025,9.828364
Sciurus variegatoides,2023,-84.062678,9.940586
Alouatta palliata,2023,-84.096025,9.99161
Sciurus variegatoides,2022,-83.866408,9.839214
Nasua narica,2014,-83.787659,9.761434
Potos flavus,2021,-84.110149,10.088183
Choloepus hoffmanni,2018,-84.077023,9.834422
Rattus rattus,2022,-84.053478,9.958819
Choloepus hoffmanni,2019,-84.073016,9.831022
Ateles geoffroyi,2011,-83.787791,9.876101
Sciurus variegatoides,2016,-84.078847,9.98046
Sciurus variegatoides,2016,-84.078847,9.98046
Tapirella bairdii,2022,-84.117879,10.108019
Sciurus variegatoides,2016,-84.078847,9.98046
Alouatta palliata,2011,-84.21417,10.015939
Choloepus hoffmanni,2022,-84.048446,9.936995
Dasypus novemcinctus,2022,-83.893651,9.879141
Sciurus variegatoides,2022,-84.251566,10.026012
Choloepus hoffmanni,2022,-84.004212,10.039177
Sciurus variegatoides,2022,-84.102391,9.936026
Sciurus variegatoides,2023,-84.323424,9.957893
Sciurus variegatoides,2022,-84.079135,9.980818
Choloepus hoffmanni,2022,-84.049878,9.937499
Procyon lotor,2022,-84.096043,9.987673
Canis latrans,2013,-83.764236,9.864833
Sciurus variegatoides,2022,-84.211952,10.01556
Tapirella bairdii,2022,-84.006296,10.039328
Sciurus variegatoides,2022,-84.140821,9.931247
Didelphis marsupialis,2022,-84.035309,9.910397
Didelphis marsupialis,2022,-83.894086,9.877747
Sciurus variegatoides,2022,-84.002564,9.949983
Nasua narica,2021,-83.780672,9.746463
Sciurus variegatoides,2022,-84.075633,9.939202
Procyon lotor,2020,-84.10218,9.92405
Sciurus variegatoides,2022,-84.109731,9.999
Sciurus variegatoides,2021,-84.287412,9.909808
Sciurus variegatoides,2022,-84.259861,9.99747
Canis latrans,2022,-84.27702,9.921344
Sciurus variegatoides,2022,-84.191813,9.927801
Procyon lotor,2022,-84.110153,9.999421
Sciurus variegatoides,2016,-84.10085,9.93607
Caluromys derbianus,2022,-83.999771,9.996339
Sciurus variegatoides,2022,-84.101811,9.935114
Sciurus variegatoides,2022,-84.101128,9.932556
Bradypus variegatus,2009,-84.093383,9.973523
Sciurus variegatoides,2018,-84.07863,9.980156
Sciurus granatensis,2012,-83.950935,9.961952
Urocyon cinereoargenteus,2022,-83.881388,9.953719
Sciurus variegatoides,2017,-84.078976,9.981466
Sciurus variegatoides,2017,-84.079251,9.981501
Sciurus variegatoides,2022,-84.207742,10.059235
Sciurus variegatoides,2022,-84.109344,9.935113
Sciurus variegatoides,2022,-84.15377,9.975181
Sciurus variegatoides,2022,-84.101852,9.9364
Sciurus variegatoides,2022,-84.251324,10.025904
Dasypus novemcinctus,2022,-84.057087,10.049041
Dasyprocta punctata,2022,-84.275604,10.012341
Urocyon cinereoargenteus,2022,-84.05969,9.929634
Sciurus variegatoides,2022,-84.021819,9.841033
Cebus imitator,2022,-84.347663,9.940245
Sciurus variegatoides,2022,-84.079336,9.981459
Sciurus variegatoides,2015,-84.237218,9.987583
Sciurus variegatoides,2018,-84.099102,9.936747
Choloepus hoffmanni,2022,-84.347162,9.940783
Sciurus variegatoides,2022,-84.047387,9.92853
Sciurus variegatoides,2020,-84.198868,10.058094
Sciurus variegatoides,2022,-84.033621,9.934776
Sciurus variegatoides,2022,-83.997221,9.922631
Sciurus variegatoides,2019,-83.943462,9.909199
Sciurus variegatoides,2022,-84.101525,9.936088
Sciurus variegatoides,2022,-84.00331,9.930197
Sciurus variegatoides,2021,-84.090725,9.928069
Sciurus variegatoides,2021,-84.050864,9.937205
Potos flavus,2022,-84.129802,10.091028
Choloepus hoffmanni,2022,-84.18837,10.137967
Choloepus hoffmanni,2022,-84.34758,9.940267
Dasypus novemcinctus,2018,-83.994044,9.936297
Alouatta palliata,2022,-84.05762,9.910884
Sciurus variegatoides,2006,-84.078847,9.98046
Nasua narica,2022,-83.783527,9.758697
Canis latrans,2022,-83.83078,9.963483
Sciurus variegatoides,2022,-84.193322,9.91903
Dasypus novemcinctus,2022,-83.997069,9.993278
Procyon lotor,2022,-84.128131,9.856185
Bradypus variegatus,2022,-84.047936,9.93807
Canis latrans,2022,-84.079193,10.065755
Procyon lotor,2022,-84.109795,10.000391
Sciurus variegatoides,2022,-84.079006,9.98158
Uroderma bilobatum,2022,-84.250221,10.024862
Nasua narica,2022,-83.783775,9.759071
Choloepus hoffmanni,2020,-84.051474,9.906878
Sciurus variegatoides,2022,-83.933465,9.828417
Sciurus variegatoides,2022,-84.10215,9.937522
Sciurus variegatoides,2022,-84.19188,9.919183
Sciurus variegatoides,2021,-84.117789,9.943045
Didelphis marsupialis,2022,-84.096069,9.987664
Sciurus variegatoides,2019,-84.077774,9.980101
Sphiggurus mexicanus,2022,-84.139177,9.89175
Sciurus variegatoides,2015,-84.078847,9.98046
Procyon lotor,2022,-83.992056,9.992849
Sciurus variegatoides,2022,-84.080266,9.982902
Urocyon cinereoargenteus,2021,-84.018954,9.916995
Cebus imitator,2021,-84.114203,10.012385
Choloepus hoffmanni,2022,-83.994135,9.991765
Sciurus variegatoides,2017,-84.21417,10.015939
Choloepus hoffmanni,2022,-84.273467,10.013928
Dasyprocta punctata,2022,-84.274637,10.013047
Choloepus hoffmanni,2022,-84.045479,9.940796
Sciurus variegatoides,2022,-84.100389,9.937467
Bradypus variegatus,2013,-84.049782,9.937793
Orthogeomys heterodus,2021,-83.846233,9.960529
Sciurus variegatoides,2022,-84.078766,9.981624
Sciurus variegatoides,2022,-84.078766,9.981624
Sciurus variegatoides,2022,-84.250046,9.969048
Sciurus variegatoides,2022,-84.078766,9.981624
Sciurus variegatoides,2022,-84.070122,9.934244
Sciurus variegatoides,2022,-84.078766,9.981624
Sciurus variegatoides,2022,-84.078899,9.980843
Sciurus variegatoides,2011,-84.199025,10.059811
Sciurus variegatoides,2022,-84.073166,9.938605
Sciurus variegatoides,2022,-84.199122,10.058412
Sciurus variegatoides,2022,-84.067878,9.938957
Sciurus variegatoides,2021,-84.078758,9.981787
Sciurus variegatoides,2022,-84.199122,10.058412
Sciurus variegatoides,2017,-84.103024,9.936789
Sciurus variegatoides,2019,-83.890983,9.838278
Sciurus variegatoides,2022,-84.270962,9.944261
Sciurus variegatoides,2022,-84.063675,9.927267
Cuniculus paca,2022,-83.991228,9.909045
Sciurus variegatoides,2022,-84.116836,9.942049
Nasua narica,2022,-83.783692,9.759041
Canis latrans,2022,-83.873021,9.956554
Didelphis marsupialis,2022,-84.158486,9.906446
Sciurus variegatoides,2022,-84.111881,9.998243
Sciurus variegatoides,2022,-84.051754,9.935354
Sciurus variegatoides,2022,-84.041592,9.905871
Sciurus variegatoides,2022,-84.111947,9.998238
Dasyprocta punctata,2022,-83.93881,9.795053
Procyon lotor,2022,-84.071816,9.91379
Sciurus variegatoides,2022,-84.193262,9.980784
Didelphis marsupialis,2022,-84.193419,9.980875
Procyon lotor,2022,-84.109878,9.99838
Sciurus variegatoides,2022,-84.274556,10.012353
Urocyon cinereoargenteus,2021,-84.011528,9.915112
Sciurus variegatoides,2022,-84.224102,9.994729
Nasua narica,2010,-83.783692,9.759041
Urocyon cinereoargenteus,2021,-84.012689,9.9164
Ateles geoffroyi,2022,-84.235599,10.129865
Urocyon cinereoargenteus,2021,-84.009408,9.916617
Nasua narica,2022,-83.804673,9.840542
Syntheosciurus brochus,2012,-84.229354,10.01497
Urocyon cinereoargenteus,2022,-84.182387,9.899533
Sciurus variegatoides,2022,-84.249663,9.984683
Tapirella bairdii,2019,-84.191998,10.113235
Sciurus variegatoides,2022,-84.241622,9.99517
Sciurus variegatoides,2021,-84.214272,10.003303
Procyon lotor,2021,-84.068206,9.938799
Sciurus variegatoides,2019,-84.0788,9.9801
Sciurus variegatoides,2019,-84.189369,9.945592
Sciurus variegatoides,2018,-84.07878,9.982178
Sciurus variegatoides,2017,-84.111418,9.945176
Sciurus variegatoides,2018,-84.224436,9.995101
Sciurus variegatoides,2012,-84.22126,10.01644
Sciurus variegatoides,2015,-84.224178,9.994753
Sciurus variegatoides,2017,-84.079251,9.981501
Sciurus variegatoides,2017,-84.078976,9.981466
Sciurus variegatoides,2009,-84.090528,9.94006
Sciurus variegatoides,2013,-84.101472,9.935923
Sciurus variegatoides,2009,-84.155209,9.973098
Sciurus variegatoides,2013,-84.1908,10.0023
Sciurus variegatoides,2008,-84.072096,9.915009
Sciurus variegatoides,2021,-84.214104,10.003263
Sciurus variegatoides,2012,-84.309651,9.988061
Sciurus variegatoides,2009,-84.155209,9.973098
Sciurus variegatoides,2021,-84.11692,10.021446
Sciurus variegatoides,2021,-84.147728,9.917556
Sciurus variegatoides,2020,-84.068262,9.938965
Sciurus variegatoides,2019,-84.189369,9.945592
Sciurus variegatoides,2018,-84.079437,9.982119
Sciurus variegatoides,2018,-84.22416,9.994537
Sciurus variegatoides,2017,-84.078966,9.980311
Sciurus variegatoides,2018,-84.078656,9.981699
Sciurus variegatoides,2017,-84.07332,9.939282
Sciurus variegatoides,2015,-84.079074,9.981409
Sciurus variegatoides,2016,-84.079006,9.980949
Nasua narica,2008,-84.090528,9.94006
Sciurus variegatoides,2011,-84.071082,9.934592
Sciurus variegatoides,2011,-84.096308,9.98077
Sciurus variegatoides,2022,-84.250028,9.984642
Sciurus variegatoides,2022,-84.050864,9.937205
Sciurus variegatoides,2022,-84.050864,9.937205
Odocoileus virginianus,2018,-83.80163,9.74949
Felis catus,2022,-84.090725,9.928069
Procyon lotor,2022,-84.109848,10.000256
Sphiggurus mexicanus,2021,-84.100286,9.983001
Sciurus variegatoides,2022,-84.126062,9.910881
Artibeus lituratus,2022,-84.184965,9.949326
Sciurus variegatoides,2022,-84.24171,9.995259
Canis latrans,2020,-84.095324,10.07898
Sciurus variegatoides,2013,-84.079814,9.982028
Didelphis marsupialis,2020,-84.096064,9.920382
Didelphis marsupialis,2022,-84.178614,10.006288
Urocyon cinereoargenteus,2022,-84.003586,9.908505
Sciurus variegatoides,2022,-84.072676,9.939636
Sciurus variegatoides,2022,-84.186982,10.033665
Procyon lotor,2022,-84.107652,10.071258
Artibeus lituratus,2021,-84.184965,9.949326
Sciurus variegatoides,2022,-84.249893,9.98398
Sciurus variegatoides,2021,-83.930387,9.857545
Sciurus variegatoides,2021,-84.051102,9.930151
Sphiggurus mexicanus,2021,-84.187675,9.973638
Sciurus variegatoides,2022,-84.115926,9.941263
Sciurus variegatoides,2021,-84.21347,10.016422
Sciurus variegatoides,2022,-84.052404,9.934288
Sphiggurus mexicanus,2022,-83.943463,9.909196
Sciurus variegatoides,2021,-84.078972,9.980944
Sciurus variegatoides,2020,-83.992056,9.992849
Sciurus variegatoides,2021,-84.049558,9.937401
Alouatta palliata,2021,-83.811296,9.757217
Melanomys caliginosus,2021,-83.771733,9.82806
Dasypus novemcinctus,2021,-84.159653,9.974292
Cebus imitator,2021,-84.262632,9.910407
Didelphis marsupialis,2019,-83.992056,9.992849
Choloepus hoffmanni,2020,-83.992056,9.992849
Didelphis marsupialis,2021,-83.852089,9.799813
Nasua narica,2021,-84.443372,9.977006
Felis catus,2021,-84.035469,10.025678
Mazama temama,2018,-84.227038,10.076558
Sciurus variegatoides,2021,-84.237521,9.935412
Sciurus variegatoides,2021,-84.199107,10.058281
Tapirella bairdii,2021,-84.16086,10.009955
Sciurus variegatoides,2019,-84.07885,9.980484
Sciurus variegatoides,2021,-84.100761,9.936041
Cebus capucinus,2010,-84.28376,9.916182
Dasyprocta punctata,2021,-84.344688,9.989667
Sciurus variegatoides,2016,-84.129098,10.019248
Procyon lotor,2021,-84.109493,9.998971
Artibeus jamaicensis,2021,-84.345511,9.989908
Bassariscus sumichrasti,2019,-84.14922,9.864068
Sciurus variegatoides,2011,-84.206187,9.994145
Pteronotus mesoamericanus,2021,-84.345503,9.989862
Micronycteris hirsuta,2021,-84.345661,9.989769
Sturnira parvidens,2021,-84.345699,9.989897
Sciurus variegatoides,2018,-84.070059,9.934667
Platyrrhinus helleri,2021,-84.345502,9.989846
Sciurus variegatoides,2011,-84.206187,9.994145
Didelphis marsupialis,2020,-84.10218,9.92405
Sciurus variegatoides,2011,-84.206187,9.994145
Sciurus variegatoides,2011,-84.206187,9.994145
Sciurus variegatoides,2011,-84.206187,9.994145
Peromyscus mexicanus,2001,-83.800003,9.92
Peromyscus nudipes,2001,-83.830002,9.98
Peromyscus nudipes,2001,-83.830002,9.98
Peromyscus nudipes,2001,-83.830002,9.98
Reithrodontomys creper,2001,-83.830002,9.98
Reithrodontomys sumichrasti,2001,-83.830002,9.98
Reithrodontomys creper,2001,-83.830002,9.98
Heteromys desmarestianus,2001,-83.970001,9.9
Reithrodontomys sumichrasti,2001,-83.830002,9.98
Reithrodontomys sumichrasti,2001,-83.830002,9.98
Reithrodontomys sumichrasti,2001,-83.830002,9.98
Heteromys desmarestianus,2001,-83.970001,9.9
Reithrodontomys sumichrasti,2001,-83.830002,9.98
Reithrodontomys creper,2001,-83.830002,9.98
Oryzomys alfaroi,2001,-83.970001,9.9
Scotinomys teguina,2001,-83.970001,9.9
Reithrodontomys creper,2001,-83.830002,9.98
Scotinomys teguina,2001,-83.970001,9.9
Cryptotis gracilis,2001,-83.830002,9.98
Reithrodontomys creper,2001,-83.830002,9.9
Reithrodontomys creper,2001,-83.830002,9.98
Reithrodontomys sumichrasti,2001,-83.830002,9.98
Reithrodontomys creper,2001,-83.830002,9.98
Reithrodontomys sumichrasti,2001,-83.830002,9.98
Reithrodontomys creper,2001,-83.830002,9.98
Reithrodontomys sumichrasti,2001,-83.830002,9.98
Peromyscus mexicanus,2001,-83.800003,9.92
Peromyscus nudipes,2001,-83.830002,9.98
Peromyscus nudipes,2001,-83.830002,9.98
Peromyscus nudipes,2001,-83.830002,9.98
Peromyscus mexicanus,2001,-83.800003,9.92
Peromyscus nudipes,2001,-83.830002,9.98
Peromyscus nudipes,2001,-83.830002,9.98
Peromyscus mexicanus,2001,-83.800003,9.92
Peromyscus nudipes,2001,-83.830002,9.98
Peromyscus nudipes,2001,-83.830002,9.98
Peromyscus mexicanus,2001,-83.800003,9.92
Peromyscus mexicanus,2001,-83.800003,9.92
Peromyscus nudipes,2001,-83.830002,9.98
Scotinomys xerampelinus,2001,-83.830002,9.98
Scotinomys teguina,2001,-83.970001,9.9
Reithrodontomys creper,2001,-83.830002,9.98
Reithrodontomys creper,2001,-83.830002,9.98
Scotinomys teguina,2001,-83.970001,9.9
Reithrodontomys creper,2001,-83.830002,9.98
Heteromys desmarestianus,2001,-83.970001,9.9
Oligoryzomys fulvescens,2001,-83.970001,9.9
Reithrodontomys creper,2001,-83.830002,9.98
Reithrodontomys sumichrasti,2001,-83.830002,9.98
Reithrodontomys creper,2001,-83.830002,9.98
Scotinomys xerampelinus,2001,-83.830002,9.9
Scotinomys xerampelinus,2001,-83.830002,9.98
Scotinomys teguina,2001,-83.800003,9.92
Reithrodontomys creper,2001,-83.830002,9.98
Heteromys desmarestianus,2001,-83.970001,9.9
Reithrodontomys mexicanus,2001,-83.970001,9.9
Scotinomys teguina,2001,-83.970001,9.9
Scotinomys xerampelinus,2001,-83.830002,9.98
Reithrodontomys creper,2001,-83.830002,9.98
Scotinomys xerampelinus,2001,-83.830002,9.98
Scotinomys xerampelinus,2001,-83.830002,9.9
Scotinomys teguina,2001,-83.970001,9.9
Reithrodontomys creper,2001,-83.830002,9.98
Reithrodontomys creper,2001,-83.830002,9.98
Heteromys desmarestianus,2001,-83.970001,9.9
Scotinomys teguina,2001,-83.970001,9.9
Scotinomys xerampelinus,2001,-83.830002,9.98
Reithrodontomys creper,2001,-83.830002,9.98
Scotinomys xerampelinus,2001,-83.830002,9.98
Scotinomys teguina,2001,-83.970001,9.9
Scotinomys xerampelinus,2001,-83.830002,9.9
Reithrodontomys creper,2001,-83.830002,9.9
Scotinomys teguina,2001,-83.970001,9.9
Oligoryzomys fulvescens,2001,-83.830002,9.98
Dasyprocta punctata,2021,-84.202172,10.029628
Sciurus variegatoides,2021,-84.133309,9.914009
Bassariscus sumichrasti,2021,-83.973078,9.940007
Canis lupus,2021,-84.034952,10.043158
Procyon lotor,2021,-84.062461,9.934228
Bradypus variegatus,2007,-84.051068,9.93738
Sciurus variegatoides,2021,-84.06353,9.899705
Choloepus hoffmanni,2021,-84.085655,10.058233
Dasypus novemcinctus,2021,-84.194348,9.984548
Choloepus hoffmanni,2020,-84.12561,9.881113
Bassariscus sumichrasti,2021,-83.863441,9.946561
Choloepus hoffmanni,2021,-83.981487,9.843424
Procyon lotor,2021,-84.109294,9.999012
Cebus imitator,2020,-83.783692,9.759041
Sciurus variegatoides,2019,-84.196497,10.156715
Sciurus variegatoides,2021,-84.005898,9.931349
Sciurus variegatoides,2021,-84.045725,9.92517
Microsciurus alfari,2020,-83.783497,9.750233
Microsciurus alfari,2010,-83.783619,9.759077
Canis latrans,2021,-83.883711,9.867347
Sciurus variegatoides,2021,-84.109871,10.040946
Procyon lotor,2021,-83.969641,9.940678
Canis latrans,2021,-84.243444,9.898916
Procyon lotor,2021,-84.124533,10.001984
Sciurus variegatoides,2021,-83.867552,9.828183
Sciurus variegatoides,2021,-83.866083,9.819133
Sciurus variegatoides,2021,-84.040394,9.903121
Didelphis marsupialis,2021,-84.127061,9.976497
Artibeus jamaicensis,2021,-84.03399,9.887032
Tapirella bairdii,2019,-84.14248,10.131514
Procyon lotor,2021,-84.096794,10.014443
Sciurus variegatoides,2020,-84.068253,9.939008
Didelphis marsupialis,2015,-84.17117,9.981683
Didelphis marsupialis,2021,-84.133729,9.918937
Cebus imitator,2021,-84.297753,9.922783
Didelphis marsupialis,2020,-84.20204,10.029704
Didelphis marsupialis,2020,-84.105789,9.894788
Procyon lotor,2017,-84.20204,10.029704
Procyon lotor,2021,-84.06646,9.914096
Procyon lotor,2017,-84.20204,10.029704
Sciurus variegatoides,2020,-84.20204,10.029704
Procyon lotor,2021,-84.110025,10.001973
Nasua narica,2021,-83.784432,9.76063
Bradypus variegatus,2013,-84.093995,9.974732
Sciurus variegatoides,2021,-84.277804,9.918564
Bradypus variegatus,2019,-84.079683,10.07637
Odocoileus virginianus,2021,-84.116841,10.02211
Cebus imitator,2021,-84.262031,9.918653
Alouatta palliata,2021,-84.005699,9.931179
Tapirella bairdii,2021,-84.061339,10.075075
Sciurus variegatoides,2011,-84.214524,10.016499
Canis latrans,2021,-83.97851,9.929555
Bradypus variegatus,2016,-84.049483,9.937419
Artibeus jamaicensis,2014,-84.381241,9.938588
Sciurus variegatoides,2017,-84.101516,9.9357
Didelphis marsupialis,2021,-84.082016,9.984436
Procyon lotor,2016,-84.170748,9.981893
Sciurus variegatoides,2021,-84.17117,9.981719
Dasyprocta punctata,2011,-84.19921,9.928374
Didelphis marsupialis,2018,-84.170945,9.981758
Nasua narica,2020,-84.17326,9.980145
Cebus imitator,2021,-84.296192,10.021036
Sciurus variegatoides,2019,-84.17063,9.981834
Sciurus variegatoides,2020,-84.171014,9.981845
Didelphis marsupialis,2016,-84.170715,9.981686
Bassariscus sumichrasti,2021,-84.107774,10.092665
Sciurus variegatoides,2020,-84.117088,10.021912
Uroderma bilobatum,2007,-83.797373,9.763126
Cebus imitator,2021,-84.265442,9.914395
Procyon lotor,2021,-84.057623,9.928375
Choloepus hoffmanni,2020,-83.973835,9.891327
Dasypus novemcinctus,2021,-84.15417,9.88333
Sciurus variegatoides,2018,-84.101166,9.934472
Procyon lotor,2021,-84.069664,9.916058
Sciurus variegatoides,2020,-84.109628,9.998256
Bradypus variegatus,2014,-84.091881,9.972857
Sciurus variegatoides,2008,-84.287412,9.909808
Eira barbara,2019,-84.287412,9.909808
Eira barbara,2019,-84.287412,9.909808
Tapirella bairdii,2020,-83.935375,9.746353
Procyon lotor,2020,-84.109628,9.998256
Procyon lotor,2020,-84.051694,9.935055
Leopardus wiedii,2020,-84.25204,10.104497
Tamandua mexicana,2020,-84.250443,9.900793
Alouatta palliata,2011,-84.305634,9.976466
Sciurus variegatoides,2020,-83.980417,9.895917
Odocoileus virginianus,2011,-84.19921,9.928374
Mus musculus,2020,-84.04355,9.991271
Sciurus variegatoides,2020,-83.852686,9.79749
Sciurus variegatoides,2020,-83.980417,9.895917
Sciurus variegatoides,2020,-83.980417,9.895917
Sciurus variegatoides,2020,-83.915219,9.8572
Sciurus variegatoides,2019,-84.147917,10.051119
Lasiurus frantzii,2020,-84.037253,9.996654
Sciurus variegatoides,2010,-84.264752,9.914393
Procyon lotor,2020,-84.056536,9.926899
Sciurus variegatoides,2019,-84.08953,9.929562
Sciurus variegatoides,2017,-84.079021,9.918916
Sciurus variegatoides,2020,-84.046256,9.924759
Sciurus variegatoides,2015,-84.07885,9.980484
Tapirella bairdii,2020,-84.069122,10.043689
Sciurus variegatoides,2020,-84.024612,9.904128
Nasua narica,2016,-84.146255,9.942969
Sciurus variegatoides,2018,-84.044814,9.923337
Cebus imitator,2020,-84.100175,10.028734
Cebus imitator,2008,-84.277811,9.916952
Choloepus hoffmanni,2016,-83.870368,9.904547
Canis latrans,2020,-83.997759,9.970516
Didelphis marsupialis,2020,-83.997769,9.970729
Bradypus variegatus,2009,-84.091881,9.972857
Sciurus variegatoides,2020,-84.090725,9.928069
Sciurus variegatoides,2020,-84.033012,9.907941
Sciurus variegatoides,2019,-84.116753,9.998173
Sciurus variegatoides,2017,-84.072708,9.938945
Sciurus variegatoides,2019,-84.078803,9.980894
Sciurus variegatoides,2018,-84.079437,9.982119
Sciurus variegatoides,2019,-84.078803,9.980894
Sciurus variegatoides,2005,-84.072919,9.93996
Sciurus variegatoides,2019,-84.116798,9.998109
Sciurus variegatoides,2019,-84.236907,9.987503
Sciurus variegatoides,2016,-84.078843,9.981159
Sciurus variegatoides,2020,-84.078823,9.981197
Sciurus variegatoides,2017,-84.103197,9.93757
Sciurus variegatoides,2017,-84.1012,9.9365
Sciurus variegatoides,2014,-84.213867,10.016506
Sciurus variegatoides,2016,-84.2512,10.0269
Sciurus variegatoides,2014,-84.078945,9.981918
Nasua narica,2009,-84.189039,9.970521
Sciurus variegatoides,2012,-84.078805,9.980812
Sciurus variegatoides,2020,-84.070099,9.934398
Sciurus variegatoides,2019,-84.153549,9.975046
Syntheosciurus brochus,2005,-84.11,10.13
Sciurus variegatoides,2012,-84.249557,10.022959
Sciurus variegatoides,2018,-84.104576,9.935384
Sciurus variegatoides,2010,-84.073576,9.936013
Sciurus variegatoides,2016,-84.249969,9.984048
Sciurus variegatoides,2018,-84.309938,9.988167
Sciurus variegatoides,2017,-84.100124,9.936132
Sciurus variegatoides,2014,-84.21391,10.01651
Sciurus variegatoides,2012,-84.070121,9.934763
Dasypus novemcinctus,2009,-84.235306,10.118144
Nasua narica,2011,-83.878311,9.96344
Alouatta palliata,2009,-84.189039,9.970521
Sciurus variegatoides,2016,-84.07084,9.93452
Rattus norvegicus,2017,-84.058607,9.993363
Sciurus variegatoides,2016,-84.249759,9.983931
Bassariscus sumichrasti,2020,-84.129984,10.084199
Didelphis marsupialis,2020,-84.133383,9.920413
Sciurus variegatoides,2020,-84.043616,9.991234
Leopardus wiedii,2020,-84.167442,9.960779
Odocoileus virginianus,2020,-84.117383,10.024159
Sciurus granatensis,2020,-84.077362,10.083876
Sphiggurus mexicanus,2020,-84.214434,9.944671
Bradypus variegatus,2020,-83.798767,9.864946
Sciurus variegatoides,2020,-84.028161,9.9388
Bos taurus,2020,-84.034817,10.03884
Equus asinus,2020,-84.040743,10.035197
Bradypus variegatus,2019,-84.052208,9.936384
Sciurus variegatoides,2020,-84.180468,9.922575
Sciurus variegatoides,2020,-83.970347,9.958883
Cebus imitator,2020,-84.083018,9.877051
Sciurus variegatoides,2020,-84.137255,9.923041
Scotinomys teguina,2020,-83.773252,9.828109
Nasua narica,2017,-84.203743,10.012692
Sciurus variegatoides,2020,-84.198868,10.058094
Artibeus lituratus,2012,-84.093175,9.973443
Dasypus novemcinctus,2018,-83.994046,9.936298
Sciurus variegatoides,2015,-84.1,9.935722
Equus caballus,2020,-84.013939,10.029911
Bradypus variegatus,2016,-84.051501,9.93681
Sciurus variegatoides,2020,-84.05463,9.924402
Nasua narica,2015,-83.783075,9.749211
Sciurus variegatoides,2020,-84.109055,9.999185
Sciurus granatensis,2020,-83.944221,9.91049
Sciurus variegatoides,2020,-84.109268,9.999059
Sciurus variegatoides,2015,-84.078863,9.98061
Procyon lotor,2019,-84.110455,9.999119
Sciurus variegatoides,2020,-84.198375,10.058011
Sciurus variegatoides,2020,-84.078746,9.981901
Sciurus variegatoides,2018,-84.079118,9.981535
Sciurus variegatoides,2018,-84.208858,10.059215
Sciurus variegatoides,2019,-84.102902,9.937023
Sciurus variegatoides,2019,-84.078908,9.980858
Sciurus variegatoides,2015,-84.071103,9.931516
Choloepus hoffmanni,2003,-84.088557,10.075162
Sciurus variegatoides,2013,-84.07885,9.980484
Sciurus variegatoides,2019,-84.051344,9.935533
Sciurus variegatoides,2019,-83.947715,9.785309
Sciurus variegatoides,2019,-84.21417,10.015939
Sciurus granatensis,2013,-84.241209,10.100751
Urocyon cinereoargenteus,2019,-84.065686,9.923115
Bradypus variegatus,2019,-84.051029,9.936995
Sciurus variegatoides,2019,-84.109505,10.000956
Nasua narica,2010,-83.783625,9.75909
Sciurus variegatoides,2011,-84.213874,10.016493
Sphiggurus mexicanus,2019,-84.14125,9.865625
Sciurus variegatoides,2011,-84.174379,9.986202
Urocyon cinereoargenteus,2019,-84.024673,9.924121
Sciurus granatensis,2019,-84.008158,9.943616
Bradypus variegatus,2019,-84.017032,10.026943
Cebus imitator,2013,-84.089046,9.881553
Procyon lotor,2019,-84.108923,9.999124
Nasua narica,2014,-83.874305,9.940594
Tapirella bairdii,2019,-84.12455,10.123654
Sciurus variegatoides,2013,-84.28376,9.916182
Sciurus variegatoides,2018,-84.08197,9.936388
Sciurus variegatoides,2015,-83.886856,9.799949
Sciurus variegatoides,2019,-84.186584,9.983845
Sciurus variegatoides,2019,-84.08197,9.936388
Sciurus variegatoides,2012,-84.213852,10.016503
Sciurus variegatoides,2013,-84.050476,9.937148
Sciurus variegatoides,2012,-84.08197,9.936388
Sciurus variegatoides,2018,-84.157173,9.980317
Sciurus variegatoides,2019,-84.07885,9.980484
Sciurus variegatoides,2019,-84.062361,9.930848
Sciurus variegatoides,2015,-83.865455,9.817455
Sciurus variegatoides,2008,-84.162183,9.978316
Sciurus variegatoides,2019,-84.214121,10.016302
Sciurus variegatoides,2012,-84.151793,10.045507
Sciurus variegatoides,2008,-84.049442,9.962279
Sciurus variegatoides,2018,-84.102398,9.935329
Cebus imitator,2019,-83.968721,9.780145
Choloepus hoffmanni,2019,-83.861202,9.856758
Tapirella bairdii,2019,-83.815422,9.790106
Sciurus variegatoides,2018,-83.833888,9.826902
Cebus imitator,2016,-83.889941,9.840111
Tapirella bairdii,2017,-83.985031,10.018614
Cebus capucinus,2019,-83.772118,9.828155
Sciurus variegatoides,2012,-84.07885,9.980484
Sciurus variegatoides,2018,-84.111186,9.998686
Procyon lotor,2019,-84.039986,9.934692
Sciurus variegatoides,2019,-84.07885,9.980484
Procyon lotor,2019,-84.065147,9.924397
Sciurus variegatoides,2018,-84.042794,9.93883
Felis catus,2019,-84.442146,9.963016
Sciurus variegatoides,2019,-84.078622,9.981508
Sciurus variegatoides,2018,-84.043254,9.938427
Sciurus variegatoides,2018,-84.071866,9.934425
Sciurus variegatoides,2017,-84.104069,9.934529
Sciurus variegatoides,2018,-84.177211,9.923015
Sciurus variegatoides,2018,-84.101805,9.936053
Tapirella bairdii,2010,-83.826023,9.778373
Tamandua mexicana,2018,-83.780993,9.749353
Sphiggurus mexicanus,2018,-83.96376,9.948222
Cebus imitator,2014,-84.105278,9.965197
Sciurus variegatoides,2011,-84.072672,9.93439
Sciurus variegatoides,2018,-84.154353,9.974547
Choloepus hoffmanni,2018,-83.986888,9.91061
Dasypus novemcinctus,2018,-83.959512,9.948353
Sciurus variegatoides,2018,-84.250214,9.984219
Bradypus variegatus,2017,-84.203322,9.997805
Nasua narica,2013,-84.390495,9.958719
Microsciurus alfari,2010,-83.783692,9.759041
Felis catus,2018,-84.075456,9.929883
Sciurus variegatoides,2010,-84.078948,9.981214
Nasua narica,2015,-83.783692,9.759041
Saimiri oerstedii,2017,-84.005711,9.873182
Sciurus variegatoides,2017,-83.790178,9.826603
Sciurus variegatoides,2017,-84.030572,9.937117
Sciurus variegatoides,2017,-84.103187,9.935643
Sciurus variegatoides,2010,-84.073578,9.936
Didelphis marsupialis,2017,-84.114979,10.059184
Sciurus variegatoides,2017,-84.059099,9.94021
Sciurus variegatoides,2017,-84.240031,9.99552
Sciurus variegatoides,2017,-84.241287,9.994231
Sciurus variegatoides,2017,-84.103444,9.936066
Sciurus variegatoides,2017,-84.078826,9.981751
Sciurus variegatoides,2011,-84.078916,9.980939
Sphiggurus mexicanus,2016,-83.954107,9.924968
Sciurus variegatoides,2015,-84.250226,9.984652
Sciurus variegatoides,2007,-84.209647,10.047066
Sciurus variegatoides,2016,-84.444835,9.974469
Sciurus variegatoides,2016,-83.823055,9.82641
Nasua narica,2016,-84.146018,9.943297
Tapirella bairdii,2016,-83.998091,10.014132
Bradypus variegatus,2013,-84.082012,9.927128
Sciurus variegatoides,2016,-84.078693,9.982035
Dasypus novemcinctus,2016,-84.180195,9.936759
Sciurus variegatoides,2015,-84.163427,10.118527
Sciurus granatensis,2015,-84.163427,10.118527
Nasua narica,2015,-83.813711,9.781462
Sciurus variegatoides,2014,-84.078932,9.98115
Sciurus variegatoides,2014,-84.201794,10.028527
Nasua narica,2015,-84.21667,10.01667
Sciurus variegatoides,2015,-84.116821,10.074333
Centurio senex,2014,-84.365845,9.934579
